,antecedents,consequents,antecedent support,consequent support,support,confidence,lift,leverage,conviction,zhangs_metric
0,frozenset({'WOODEN STAR CHRISTMAS SCANDINAVIAN'}),frozenset({'WOODEN HEART CHRISTMAS SCANDINAVIAN'}),0.029496780974904744,0.031599001445276574,0.023190119563789253,0.7861915367483296,24.880265223249634,0.022258050739132233,4.529292170323655,0.9889792054220347
1,frozenset({'WOODEN HEART CHRISTMAS SCANDINAVIAN'}),frozenset({'WOODEN STAR CHRISTMAS SCANDINAVIAN'}),0.031599001445276574,0.029496780974904744,0.023190119563789253,0.7338877338877339,24.880265223249634,0.022258050739132233,3.6469691277427407,0.9911260973950016
2,frozenset({'SMALL DOLLY MIX DESIGN ORANGE BOWL'}),frozenset({'SMALL MARSHMALLOWS PINK BOWL'}),0.03251872290106425,0.02765733806332939,0.02161345421101038,0.6646464646464646,24.031469085150796,0.020714072898347913,2.899455528064168,0.9906009742046895
3,frozenset({'SMALL MARSHMALLOWS PINK BOWL'}),frozenset({'SMALL DOLLY MIX DESIGN ORANGE BOWL'}),0.02765733806332939,0.03251872290106425,0.02161345421101038,0.7814726840855107,24.031469085150796,0.020714072898347913,4.427278452811435,0.9856483039735465
4,"frozenset({'GREEN REGENCY TEACUP AND SAUCER', 'ROSES REGENCY TEACUP AND SAUCER'})",frozenset({'PINK REGENCY TEACUP AND SAUCER'}),0.04289843647352516,0.045657600840888185,0.03219025095256865,0.7503828483920368,16.43500391111307,0.03023161126336224,3.823224457980983,0.9812482752727696
5,frozenset({'PINK REGENCY TEACUP AND SAUCER'}),"frozenset({'GREEN REGENCY TEACUP AND SAUCER', 'ROSES REGENCY TEACUP AND SAUCER'})",0.045657600840888185,0.04289843647352516,0.03219025095256865,0.7050359712230216,16.43500391111307,0.03023161126336224,3.244807739760488,0.984085229052728
6,"frozenset({'PINK REGENCY TEACUP AND SAUCER', 'ROSES REGENCY TEACUP AND SAUCER'})",frozenset({'GREEN REGENCY TEACUP AND SAUCER'}),0.035672053606622,0.05721981342793325,0.03219025095256865,0.9023941068139962,15.770657972356661,0.030149102700606507,9.65904983601192,0.9712371275916866
7,frozenset({'GREEN REGENCY TEACUP AND SAUCER'}),"frozenset({'PINK REGENCY TEACUP AND SAUCER', 'ROSES REGENCY TEACUP AND SAUCER'})",0.05721981342793325,0.035672053606622,0.03219025095256865,0.5625717566016074,15.770657972356661,0.030149102700606507,2.204539740967539,0.9934352864551854
8,frozenset({'JUMBO BAG VINTAGE CHRISTMAS'}),"frozenset({""JUMBO BAG 50'S CHRISTMAS""})",0.02989094731309946,0.04401524109841019,0.020562343975824463,0.6879120879120879,15.62895194357881,0.019246686723178513,3.0631906007057985,0.9648566627384131
9,"frozenset({""JUMBO BAG 50'S CHRISTMAS""})",frozenset({'JUMBO BAG VINTAGE CHRISTMAS'}),0.04401524109841019,0.02989094731309946,0.020562343975824463,0.4671641791044776,15.628951943578809,0.019246686723178513,1.8206528439782166,0.9791120353668324
10,frozenset({'ROSES REGENCY TEACUP AND SAUCER'}),"frozenset({'GREEN REGENCY TEACUP AND SAUCER', 'PINK REGENCY TEACUP AND SAUCER'})",0.05833661805281829,0.03764288529759559,0.03219025095256865,0.5518018018018018,14.658860431111739,0.029994292330556768,2.1471686378284804,0.9895063257617823
11,"frozenset({'GREEN REGENCY TEACUP AND SAUCER', 'PINK REGENCY TEACUP AND SAUCER'})",frozenset({'ROSES REGENCY TEACUP AND SAUCER'}),0.03764288529759559,0.05833661805281829,0.03219025095256865,0.8551483420593368,14.658860431111739,0.029994292330556768,6.500880938020902,0.9682287987896366
12,frozenset({'DOLLY GIRL LUNCH BOX'}),frozenset({'SPACEBOY LUNCH BOX'}),0.041715937458941005,0.041650243069241887,0.025160951254762844,0.6031496062992127,14.481298591619266,0.023423472319736658,2.414889268456474,0.9714712535089275
13,frozenset({'SPACEBOY LUNCH BOX'}),frozenset({'DOLLY GIRL LUNCH BOX'}),0.041650243069241887,0.041715937458941005,0.025160951254762844,0.6041009463722398,14.481298591619266,0.023423472319736658,2.420526277494149,0.971404659647294
14,frozenset({'GREEN REGENCY TEACUP AND SAUCER'}),frozenset({'PINK REGENCY TEACUP AND SAUCER'}),0.05721981342793325,0.045657600840888185,0.03764288529759559,0.6578645235361654,14.40865291693167,0.03503036589591292,2.7893698982133777,0.9870776589380945
15,frozenset({'PINK REGENCY TEACUP AND SAUCER'}),frozenset({'GREEN REGENCY TEACUP AND SAUCER'}),0.045657600840888185,0.05721981342793325,0.03764288529759559,0.8244604316546764,14.40865291693167,0.03503036589591292,5.37075598088186,0.9751188465216905
16,frozenset({'GREEN REGENCY TEACUP AND SAUCER'}),"frozenset({'REGENCY CAKESTAND 3 TIER', 'ROSES REGENCY TEACUP AND SAUCER'})",0.05721981342793325,0.027328866114833792,0.02148206543161214,0.3754305396096441,13.737508831581739,0.019918312811324383,1.5573466132609923,0.9834812095268963
17,"frozenset({'REGENCY CAKESTAND 3 TIER', 'ROSES REGENCY TEACUP AND SAUCER'})",frozenset({'GREEN REGENCY TEACUP AND SAUCER'}),0.027328866114833792,0.05721981342793325,0.02148206543161214,0.7860576923076923,13.737508831581737,0.019918312811324383,4.406702894539098,0.9532580601053956
18,"frozenset({'REGENCY CAKESTAND 3 TIER', 'GREEN REGENCY TEACUP AND SAUCER'})",frozenset({'ROSES REGENCY TEACUP AND SAUCER'}),0.027131782945736434,0.05833661805281829,0.02148206543161214,0.7917675544794189,13.572393822393822,0.019899288972814743,4.522174148188211,0.9521546840162286
19,frozenset({'ROSES REGENCY TEACUP AND SAUCER'}),"frozenset({'REGENCY CAKESTAND 3 TIER', 'GREEN REGENCY TEACUP AND SAUCER'})",0.05833661805281829,0.027131782945736434,0.02148206543161214,0.3682432432432432,13.57239382239382,0.019899288972814743,1.5399411350163743,0.9837071798239383
20,frozenset({'PINK REGENCY TEACUP AND SAUCER'}),frozenset({'ROSES REGENCY TEACUP AND SAUCER'}),0.045657600840888185,0.05833661805281829,0.035672053606622,0.7812949640287771,13.39287380906086,0.03300854358515907,4.305631910876918,0.9696031812738102
21,frozenset({'ROSES REGENCY TEACUP AND SAUCER'}),frozenset({'PINK REGENCY TEACUP AND SAUCER'}),0.05833661805281829,0.045657600840888185,0.035672053606622,0.6114864864864865,13.39287380906086,0.03300854358515907,2.4563943491399747,0.9826583936350385
22,frozenset({'WOODLAND CHARLOTTE BAG'}),frozenset({'STRAWBERRY CHARLOTTE BAG'}),0.041715937458941005,0.041453159900144525,0.022730258835895415,0.5448818897637796,13.144520009483761,0.021001001410025505,2.1061496313612746,0.9641427892679799
23,frozenset({'STRAWBERRY CHARLOTTE BAG'}),frozenset({'WOODLAND CHARLOTTE BAG'}),0.041453159900144525,0.041715937458941005,0.022730258835895415,0.5483359746434232,13.144520009483761,0.021001001410025505,2.1216745384680995,0.9638784776267578
24,frozenset({'CHOCOLATE HOT WATER BOTTLE'}),frozenset({'HOT WATER BOTTLE I AM SO POORLY'}),0.044212324267507555,0.03481802654053344,0.02010248324793063,0.4546805349182764,13.058768117973592,0.01856309736816588,1.7699386052812562,0.9661383191441857
25,frozenset({'HOT WATER BOTTLE I AM SO POORLY'}),frozenset({'CHOCOLATE HOT WATER BOTTLE'}),0.03481802654053344,0.044212324267507555,0.02010248324793063,0.5773584905660377,13.05876811797359,0.01856309736816588,2.261461911331344,0.9567347131247453
26,frozenset({'STRAWBERRY CHARLOTTE BAG'}),frozenset({'CHARLOTTE BAG PINK POLKADOT'}),0.041453159900144525,0.04125607673104717,0.02207331493890422,0.532488114104596,12.906901389968407,0.020363120193319487,2.050737001975286,0.9624173087780792
27,frozenset({'CHARLOTTE BAG PINK POLKADOT'}),frozenset({'STRAWBERRY CHARLOTTE BAG'}),0.04125607673104717,0.041453159900144525,0.02207331493890422,0.535031847133758,12.906901389968406,0.020363120193319487,2.0615322451462643,0.9622194704934186
28,frozenset({'GREEN REGENCY TEACUP AND SAUCER'}),frozenset({'ROSES REGENCY TEACUP AND SAUCER'}),0.05721981342793325,0.05833661805281829,0.04289843647352516,0.7497129735935707,12.85149874328979,0.03956042607252629,3.762333970990805,0.97815808706737
29,frozenset({'ROSES REGENCY TEACUP AND SAUCER'}),frozenset({'GREEN REGENCY TEACUP AND SAUCER'}),0.05833661805281829,0.05721981342793325,0.04289843647352516,0.7353603603603603,12.851498743289788,0.03956042607252629,3.5625055560680647,0.9793181740968206
30,frozenset({'CHARLOTTE BAG PINK POLKADOT'}),frozenset({'RED RETROSPOT CHARLOTTE BAG'}),0.04125607673104717,0.055708842464853504,0.029168309026409146,0.7070063694267515,12.691097824780673,0.02686998074708133,3.2229067768047384,0.9608453183895146
31,frozenset({'RED RETROSPOT CHARLOTTE BAG'}),frozenset({'CHARLOTTE BAG PINK POLKADOT'}),0.055708842464853504,0.04125607673104717,0.029168309026409146,0.5235849056603773,12.691097824780673,0.02686998074708133,2.0124129874556234,0.9755514523846234
32,frozenset({'WOODLAND CHARLOTTE BAG'}),frozenset({'CHARLOTTE BAG PINK POLKADOT'}),0.041715937458941005,0.04125607673104717,0.02161345421101038,0.5181102362204725,12.558398114248458,0.019892418294296745,1.9895502982868793,0.9604375632797909
33,frozenset({'CHARLOTTE BAG PINK POLKADOT'}),frozenset({'WOODLAND CHARLOTTE BAG'}),0.04125607673104717,0.041715937458941005,0.02161345421101038,0.5238853503184713,12.558398114248456,0.019892418294296745,2.0127170276782107,0.95997689019887
34,frozenset({'CHARLOTTE BAG SUKI DESIGN'}),frozenset({'WOODLAND CHARLOTTE BAG'}),0.04881093154644593,0.041715937458941005,0.025029562475364604,0.5127860026917901,12.292328398384928,0.022993368707660413,1.9668648023978093,0.9657895342680202
35,frozenset({'WOODLAND CHARLOTTE BAG'}),frozenset({'CHARLOTTE BAG SUKI DESIGN'}),0.041715937458941005,0.04881093154644593,0.025029562475364604,0.6,12.292328398384926,0.022993368707660413,2.377972671133885,0.9586389707730627
36,frozenset({'GARDENERS KNEELING PAD KEEP CALM'}),frozenset({'GARDENERS KNEELING PAD CUP OF TEA'}),0.05892786756011037,0.04920509788464065,0.035540664827223754,0.6031215161649944,12.257297355225028,0.032641113335795384,2.395682660667071,0.9759251337933438
37,frozenset({'GARDENERS KNEELING PAD CUP OF TEA'}),frozenset({'GARDENERS KNEELING PAD KEEP CALM'}),0.04920509788464065,0.05892786756011037,0.035540664827223754,0.7222963951935915,12.257297355225026,0.032641113335795384,3.388764553834026,0.9659453839279797
38,frozenset({'RED RETROSPOT CHARLOTTE BAG'}),frozenset({'STRAWBERRY CHARLOTTE BAG'}),0.055708842464853504,0.041453159900144525,0.02805150440152411,0.5035377358490566,12.147149627724787,0.025742196846976578,1.930754680296146,0.9718148400263421
39,frozenset({'STRAWBERRY CHARLOTTE BAG'}),frozenset({'RED RETROSPOT CHARLOTTE BAG'}),0.041453159900144525,0.055708842464853504,0.02805150440152411,0.676703645007924,12.147149627724787,0.025742196846976578,2.920822158846459,0.9573618333588267
40,frozenset({'STRAWBERRY CHARLOTTE BAG'}),frozenset({'CHARLOTTE BAG SUKI DESIGN'}),0.041453159900144525,0.04881093154644593,0.02384706346078045,0.5752773375594296,11.785829922381746,0.021823696110510618,2.2395533663962417,0.9547288764178379
41,frozenset({'CHARLOTTE BAG SUKI DESIGN'}),frozenset({'STRAWBERRY CHARLOTTE BAG'}),0.04881093154644593,0.041453159900144525,0.02384706346078045,0.4885598923283984,11.785829922381746,0.021823696110510618,1.874211321563665,0.9621140296852456
42,frozenset({'JUMBO BAG PEARS'}),frozenset({'JUMBO BAG APPLES'}),0.03593483116541847,0.05813953488372093,0.024438312968072525,0.680073126142596,11.697257769652651,0.022349078597990055,2.943986710963455,0.9485975710281914
43,frozenset({'JUMBO BAG APPLES'}),frozenset({'JUMBO BAG PEARS'}),0.05813953488372093,0.03593483116541847,0.024438312968072525,0.42033898305084744,11.697257769652651,0.022349078597990055,1.663153361439775,0.9709611044736493
44,frozenset({'DOTCOM POSTAGE'}),frozenset({'JUMBO BAG WOODLAND ANIMALS'}),0.04283274208382604,0.04631454473787938,0.023124425174090132,0.5398773006134969,11.656754992820781,0.02114064622460272,2.072676389436342,0.9551233855369063
45,frozenset({'JUMBO BAG WOODLAND ANIMALS'}),frozenset({'DOTCOM POSTAGE'}),0.04631454473787938,0.04283274208382604,0.023124425174090132,0.49929078014184397,11.65675499282078,0.02114064622460272,1.9116229938552485,0.9586104379191794
46,frozenset({'ALARM CLOCK BAKELIKE IVORY'}),frozenset({'ALARM CLOCK BAKELIKE RED'}),0.031007751937984496,0.05590592563395086,0.020168177637629747,0.6504237288135594,11.634253819036429,0.01843466056370879,2.7006812309137893,0.9432964169381108
47,frozenset({'ALARM CLOCK BAKELIKE RED'}),frozenset({'ALARM CLOCK BAKELIKE IVORY'}),0.05590592563395086,0.031007751937984496,0.020168177637629747,0.3607520564042303,11.634253819036427,0.01843466056370879,1.5158316233470133,0.9681735543690164
48,frozenset({'CHARLOTTE BAG PINK POLKADOT'}),frozenset({'CHARLOTTE BAG SUKI DESIGN'}),0.04125607673104717,0.04881093154644593,0.023255813953488372,0.5636942675159236,11.548525087654628,0.02124206641629431,2.1800975729519414,0.952714101995325
49,frozenset({'CHARLOTTE BAG SUKI DESIGN'}),frozenset({'CHARLOTTE BAG PINK POLKADOT'}),0.04881093154644593,0.04125607673104717,0.023255813953488372,0.47644683714670255,11.548525087654628,0.02124206641629431,1.8312255398170487,0.9602810694467694
50,frozenset({'ALARM CLOCK BAKELIKE GREEN'}),frozenset({'ALARM CLOCK BAKELIKE RED'}),0.05111023518591512,0.05590592563395086,0.032978583628958086,0.6452442159383034,11.541606880156115,0.030121218621520576,2.661250687886907,0.9625532762332007
51,frozenset({'ALARM CLOCK BAKELIKE RED'}),frozenset({'ALARM CLOCK BAKELIKE GREEN'}),0.05590592563395086,0.05111023518591512,0.032978583628958086,0.5898942420681551,11.541606880156115,0.030121218621520576,2.313768452311708,0.9674427334153748
52,frozenset({'WOODLAND CHARLOTTE BAG'}),frozenset({'RED RETROSPOT CHARLOTTE BAG'}),0.041715937458941005,0.055708842464853504,0.02614636710024964,0.6267716535433071,11.25084682810875,0.023822420512075813,2.5300628060540844,0.9507805015342015
53,frozenset({'RED RETROSPOT CHARLOTTE BAG'}),frozenset({'WOODLAND CHARLOTTE BAG'}),0.055708842464853504,0.041715937458941005,0.02614636710024964,0.4693396226415094,11.25084682810875,0.023822420512075813,1.8058330778551512,0.9648695683789758
54,frozenset({'RECYCLING BAG RETROSPOT'}),frozenset({'DOTCOM POSTAGE'}),0.04283274208382604,0.04283274208382604,0.020628038365523585,0.4815950920245399,11.243620384658811,0.018793394571104023,1.8463699768087143,0.9518301719351778
55,frozenset({'DOTCOM POSTAGE'}),frozenset({'RECYCLING BAG RETROSPOT'}),0.04283274208382604,0.04283274208382604,0.020628038365523585,0.4815950920245399,11.243620384658811,0.018793394571104023,1.8463699768087143,0.9518301719351778
56,"frozenset({""PAPER CHAIN KIT 50'S CHRISTMAS""})",frozenset({'PAPER CHAIN KIT VINTAGE CHRISTMAS'}),0.06300091972145579,0.04388385231901196,0.02975955853370122,0.47236704900938475,10.76402877248631,0.026994835476682928,1.8120857423440069,0.9680884438486775
57,frozenset({'PAPER CHAIN KIT VINTAGE CHRISTMAS'}),"frozenset({""PAPER CHAIN KIT 50'S CHRISTMAS""})",0.04388385231901196,0.06300091972145579,0.02975955853370122,0.6781437125748503,10.76402877248631,0.026994835476682928,2.911234351749151,0.948731996331846
58,frozenset({'ALARM CLOCK BAKELIKE PINK'}),frozenset({'ALARM CLOCK BAKELIKE RED'}),0.03895677309157798,0.05590592563395086,0.023387202732886612,0.6003372681281619,10.738347703227827,0.021209288273490154,2.362226945565684,0.9436368503073392
59,frozenset({'ALARM CLOCK BAKELIKE RED'}),frozenset({'ALARM CLOCK BAKELIKE PINK'}),0.05590592563395086,0.03895677309157798,0.023387202732886612,0.418331374853114,10.738347703227825,0.021209288273490154,1.6522177496950852,0.9605777943877299
60,frozenset({'CHARLOTTE BAG SUKI DESIGN'}),frozenset({'RED RETROSPOT CHARLOTTE BAG'}),0.04881093154644593,0.055708842464853504,0.028971225857311787,0.5935397039030956,10.65431765661901,0.026252025361228084,2.32320639088945,0.9526406137655928
61,frozenset({'RED RETROSPOT CHARLOTTE BAG'}),frozenset({'CHARLOTTE BAG SUKI DESIGN'}),0.055708842464853504,0.04881093154644593,0.028971225857311787,0.5200471698113207,10.654317656619009,0.026252025361228084,1.9818386487680928,0.9595995162593585
62,frozenset({'JUMBO BAG SCANDINAVIAN BLUE PAISLEY'}),frozenset({'JUMBO BAG PINK VINTAGE PAISLEY'}),0.041650243069241887,0.05084745762711865,0.0213506766522139,0.5126182965299685,10.08149316508938,0.019232867682591432,1.9474521419560091,0.9399578156967794
63,frozenset({'JUMBO BAG PINK VINTAGE PAISLEY'}),frozenset({'JUMBO BAG SCANDINAVIAN BLUE PAISLEY'}),0.05084745762711865,0.041650243069241887,0.0213506766522139,0.41989664082687334,10.081493165089379,0.019232867682591432,1.652032765845004,0.949065934065934
64,frozenset({'ALARM CLOCK BAKELIKE PINK'}),frozenset({'ALARM CLOCK BAKELIKE GREEN'}),0.03895677309157798,0.05111023518591512,0.020036788858231507,0.5143338954468802,10.063226936365567,0.018045699023436626,1.9537903838012232,0.9371360950458835
65,frozenset({'ALARM CLOCK BAKELIKE GREEN'}),frozenset({'ALARM CLOCK BAKELIKE PINK'}),0.05111023518591512,0.03895677309157798,0.020036788858231507,0.39203084832904883,10.063226936365567,0.018045699023436626,1.5807434049360516,0.9491390151222813
66,frozenset({'JUMBO BAG PINK POLKADOT'}),"frozenset({'JUMBO BAG RED RETROSPOT', 'JUMBO BAG WOODLAND ANIMALS'})",0.07252660622782814,0.03008803048219682,0.02010248324793063,0.2771739130434783,9.212098917790016,0.01792030050897745,1.3418331006862843,0.9611565266423895
67,"frozenset({'JUMBO BAG RED RETROSPOT', 'JUMBO BAG WOODLAND ANIMALS'})",frozenset({'JUMBO BAG PINK POLKADOT'}),0.03008803048219682,0.07252660622782814,0.02010248324793063,0.6681222707423582,9.212098917790016,0.01792030050897745,2.7946237786029924,0.9191010459995432
68,frozenset({'LUNCH BAG VINTAGE LEAF DESIGN'}),frozenset({'LUNCH BAG APPLE DESIGN'}),0.04079621600315333,0.0600446721849954,0.02207331493890422,0.5410628019323672,9.011004344654808,0.019623719522606612,2.0481131879758525,0.9268359799230971
69,frozenset({'LUNCH BAG APPLE DESIGN'}),frozenset({'LUNCH BAG VINTAGE LEAF DESIGN'}),0.0600446721849954,0.04079621600315333,0.02207331493890422,0.3676148796498906,9.011004344654806,0.019623719522606612,1.5168032155244253,0.9458157773872758
70,frozenset({'LUNCH BAG PINK POLKADOT'}),"frozenset({'LUNCH BAG  BLACK SKULL.', 'LUNCH BAG RED RETROSPOT'})",0.06359216922874787,0.03783996846669294,0.0216791486007095,0.34090909090909083,9.009232954545453,0.01927282292236508,1.4598290133608796,0.9493756138627754
71,"frozenset({'LUNCH BAG  BLACK SKULL.', 'LUNCH BAG RED RETROSPOT'})",frozenset({'LUNCH BAG PINK POLKADOT'}),0.03783996846669294,0.06359216922874787,0.0216791486007095,0.5729166666666666,9.009232954545453,0.01927282292236508,2.1925646769278098,0.9239655878738222
72,"frozenset({'JUMBO BAG RED RETROSPOT', 'JUMBO BAG PINK POLKADOT'})",frozenset({'JUMBO BAG WOODLAND ANIMALS'}),0.04907370910524241,0.04631454473787938,0.02010248324793063,0.4096385542168675,8.844706485516536,0.0178296567521222,1.6154263834031837,0.932709539774459
73,frozenset({'JUMBO BAG WOODLAND ANIMALS'}),"frozenset({'JUMBO BAG RED RETROSPOT', 'JUMBO BAG PINK POLKADOT'})",0.04631454473787938,0.04907370910524241,0.02010248324793063,0.43404255319148943,8.844706485516536,0.0178296567521222,1.6802081079719402,0.9300110620813733
74,frozenset({'LUNCH BAG SPACEBOY DESIGN'}),frozenset({'LUNCH BAG DOLLY GIRL DESIGN'}),0.06484036263303114,0.037445802128498226,0.02121928787281566,0.3272543059777102,8.739412360688956,0.018791288483719106,1.4307846284626087,0.9469782433521354
75,frozenset({'LUNCH BAG DOLLY GIRL DESIGN'}),frozenset({'LUNCH BAG SPACEBOY DESIGN'}),0.037445802128498226,0.06484036263303114,0.02121928787281566,0.5666666666666667,8.739412360688956,0.018791288483719106,2.158060701616082,0.9200269788505082
76,frozenset({'WOODEN FRAME ANTIQUE WHITE'}),frozenset({'WOODEN PICTURE FRAME WHITE FINISH'}),0.055446064906057024,0.06543161214032321,0.031270529496780976,0.5639810426540285,8.61939701935705,0.027642604083140666,2.1434122808520852,0.9358730834105794
77,frozenset({'WOODEN PICTURE FRAME WHITE FINISH'}),frozenset({'WOODEN FRAME ANTIQUE WHITE'}),0.06543161214032321,0.055446064906057024,0.031270529496780976,0.47791164658634544,8.61939701935705,0.027642604083140666,1.809184075679937,0.9458725708756721
78,frozenset({'JUMBO STORAGE BAG SUKI'}),"frozenset({'JUMBO BAG RED RETROSPOT', 'JUMBO SHOPPER VINTAGE RED PAISLEY'})",0.06989883063986335,0.041387465510445406,0.02430692418867429,0.3477443609022557,8.402166129609741,0.02141398874634648,1.469688381407617,0.9471905865464277
79,"frozenset({'JUMBO BAG RED RETROSPOT', 'JUMBO SHOPPER VINTAGE RED PAISLEY'})",frozenset({'JUMBO STORAGE BAG SUKI'}),0.041387465510445406,0.06989883063986335,0.02430692418867429,0.5873015873015873,8.40216612960974,0.02141398874634648,2.253706679603408,0.9190189366998578
80,frozenset({'JUMBO STORAGE BAG SUKI'}),frozenset({'DOTCOM POSTAGE'}),0.06989883063986335,0.04283274208382604,0.024963868085665485,0.35714285714285715,8.338080631025417,0.02196990950090718,1.4889268456473819,0.9462070913970899
81,frozenset({'DOTCOM POSTAGE'}),frozenset({'JUMBO STORAGE BAG SUKI'}),0.04283274208382604,0.06989883063986335,0.024963868085665485,0.5828220858895705,8.338080631025417,0.02196990950090718,2.2295072147897392,0.9194509265614276
82,frozenset({'LUNCH BAG APPLE DESIGN'}),frozenset({'LUNCH BAG ALPHABET DESIGN'}),0.0600446721849954,0.04513204572329523,0.022270398108001577,0.37089715536105033,8.218044394331743,0.01956045921750809,1.51782488731984,0.9344237149339066
83,frozenset({'LUNCH BAG ALPHABET DESIGN'}),frozenset({'LUNCH BAG APPLE DESIGN'}),0.04513204572329523,0.0600446721849954,0.022270398108001577,0.49344978165938863,8.218044394331743,0.01956045921750809,1.855601466117552,0.9198303758702673
84,frozenset({'LUNCH BAG  BLACK SKULL.'}),"frozenset({'LUNCH BAG PINK POLKADOT', 'LUNCH BAG RED RETROSPOT'})",0.07567993693338589,0.03488372093023256,0.0216791486007095,0.2864583333333333,8.211805555555555,0.019039150800707665,1.3525717195722287,0.9501298701298702
85,"frozenset({'LUNCH BAG PINK POLKADOT', 'LUNCH BAG RED RETROSPOT'})",frozenset({'LUNCH BAG  BLACK SKULL.'}),0.03488372093023256,0.07567993693338589,0.0216791486007095,0.6214689265536723,8.211805555555555,0.019039150800707665,2.4418604651162785,0.9099671412924424
86,frozenset({'JUMBO BAG WOODLAND ANIMALS'}),frozenset({'JUMBO STORAGE BAG SUKI'}),0.04631454473787938,0.06989883063986335,0.026343450269346997,0.5687943262411348,8.137394016957288,0.023106117750551592,2.1569780407858437,0.9197063138805188
87,frozenset({'JUMBO STORAGE BAG SUKI'}),frozenset({'JUMBO BAG WOODLAND ANIMALS'}),0.06989883063986335,0.04631454473787938,0.026343450269346997,0.3768796992481203,8.137394016957288,0.023106117750551592,1.5304997351416232,0.9430270206670074
88,frozenset({'LUNCH BAG SUKI DESIGN'}),"frozenset({'LUNCH BAG  BLACK SKULL.', 'LUNCH BAG RED RETROSPOT'})",0.06700827749310209,0.03783996846669294,0.020496649586125345,0.30588235294117644,8.08357843137255,0.017961058478778952,1.3861627572937476,0.9392284943615743
89,"frozenset({'LUNCH BAG  BLACK SKULL.', 'LUNCH BAG RED RETROSPOT'})",frozenset({'LUNCH BAG SUKI DESIGN'}),0.03783996846669294,0.06700827749310209,0.020496649586125345,0.5416666666666667,8.08357843137255,0.017961058478778952,2.0356183036514137,0.9107553650773642
90,"frozenset({'JUMBO BAG RED RETROSPOT', 'JUMBO STORAGE BAG SUKI'})",frozenset({'JUMBO BAG PINK POLKADOT'}),0.04355538037051636,0.07252660622782814,0.025489423203258442,0.5852187028657617,8.069020919404553,0.02233049928202273,2.236054036621636,0.9159644050550091
91,frozenset({'JUMBO BAG PINK POLKADOT'}),"frozenset({'JUMBO BAG RED RETROSPOT', 'JUMBO STORAGE BAG SUKI'})",0.07252660622782814,0.04355538037051636,0.025489423203258442,0.35144927536231885,8.06902091940455,0.02233049928202273,1.4747414246800978,0.9445761278648447
92,frozenset({'PACK OF 72 SKULL CAKE CASES'}),frozenset({'PACK OF 72 RETROSPOT CAKE CASES'}),0.037248718959400864,0.06845355406648272,0.020430955196426227,0.5485008818342152,8.012745127908277,0.01788114799923166,2.063229823610564,0.9090601519843868
93,frozenset({'PACK OF 72 RETROSPOT CAKE CASES'}),frozenset({'PACK OF 72 SKULL CAKE CASES'}),0.06845355406648272,0.037248718959400864,0.020430955196426227,0.29846449136276393,8.012745127908277,0.01788114799923166,1.372348611278118,0.9395117438174322
94,frozenset({'JUMBO SHOPPER VINTAGE RED PAISLEY'}),"frozenset({'JUMBO BAG RED RETROSPOT', 'JUMBO STORAGE BAG SUKI'})",0.06983313625016424,0.04355538037051636,0.02430692418867429,0.34807149576669805,7.991469545340388,0.02126531537683229,1.4671004771517189,0.9405479849508384
95,"frozenset({'JUMBO BAG RED RETROSPOT', 'JUMBO STORAGE BAG SUKI'})",frozenset({'JUMBO SHOPPER VINTAGE RED PAISLEY'}),0.04355538037051636,0.06983313625016424,0.02430692418867429,0.5580693815987934,7.9914695453403874,0.02126531537683229,2.1047803094407547,0.9147069798007362
96,frozenset({'LUNCH BAG  BLACK SKULL.'}),"frozenset({'LUNCH BAG SUKI DESIGN', 'LUNCH BAG RED RETROSPOT'})",0.07567993693338589,0.03389830508474576,0.020496649586125345,0.27083333333333337,7.989583333333335,0.017931227995163113,1.3249394673123487,0.9464654748236839
97,"frozenset({'LUNCH BAG SUKI DESIGN', 'LUNCH BAG RED RETROSPOT'})",frozenset({'LUNCH BAG  BLACK SKULL.'}),0.03389830508474576,0.07567993693338589,0.020496649586125345,0.6046511627906976,7.989583333333333,0.017931227995163113,2.3379860418743768,0.9055330634278004
98,frozenset({'PACK OF 72 RETROSPOT CAKE CASES'}),frozenset({'60 TEATIME FAIRY CAKE CASES'}),0.06845355406648272,0.04552621206148995,0.024438312968072525,0.3570057581573896,7.841762843682229,0.021321881949279167,1.4844204284058617,0.9365906092178898
99,frozenset({'60 TEATIME FAIRY CAKE CASES'}),frozenset({'PACK OF 72 RETROSPOT CAKE CASES'}),0.04552621206148995,0.06845355406648272,0.024438312968072525,0.5367965367965367,7.841762843682228,0.021321881949279167,2.0110955982303036,0.9140928376839204
100,frozenset({'JUMBO BAG PINK POLKADOT'}),"frozenset({'JUMBO BAG RED RETROSPOT', 'JUMBO SHOPPER VINTAGE RED PAISLEY'})",0.07252660622782814,0.041387465510445406,0.023387202732886612,0.3224637681159421,7.791338854382334,0.02038551031904272,1.414850585663728,0.9398138642039566
101,"frozenset({'JUMBO BAG RED RETROSPOT', 'JUMBO SHOPPER VINTAGE RED PAISLEY'})",frozenset({'JUMBO BAG PINK POLKADOT'}),0.041387465510445406,0.07252660622782814,0.023387202732886612,0.5650793650793651,7.791338854382333,0.02038551031904272,2.1325118177973295,0.9092853710821998
102,frozenset({'HEART OF WICKER SMALL'}),frozenset({'HEART OF WICKER LARGE'}),0.06720536066219945,0.05216134542110104,0.027263171725134674,0.4056695992179863,7.777207354277314,0.023757649693484012,1.5948008941352196,0.9342025613546516
103,frozenset({'HEART OF WICKER LARGE'}),frozenset({'HEART OF WICKER SMALL'}),0.05216134542110104,0.06720536066219945,0.027263171725134674,0.5226700251889168,7.777207354277313,0.023757649693484012,1.9541924634148116,0.919374977035951
104,frozenset({'JUMBO BAG SPACEBOY DESIGN'}),frozenset({'JUMBO STORAGE BAG SUKI'}),0.03882538431217974,0.06989883063986335,0.021087899093417423,0.5431472081218275,7.770476317697799,0.018374050130852766,2.035888115154966,0.9065030913110494
105,frozenset({'JUMBO STORAGE BAG SUKI'}),frozenset({'JUMBO BAG SPACEBOY DESIGN'}),0.06989883063986335,0.03882538431217974,0.021087899093417423,0.3016917293233083,7.770476317697798,0.018374050130852766,1.3764330970280496,0.9367881571529851
106,frozenset({'JUMBO BAG PINK POLKADOT'}),"frozenset({'JUMBO BAG RED RETROSPOT', 'JUMBO  BAG BAROQUE BLACK WHITE'})",0.07252660622782814,0.035672053606622,0.02010248324793063,0.2771739130434783,7.770057650732646,0.017515310262665177,1.3341078356118914,0.9394348474621467
107,"frozenset({'JUMBO BAG RED RETROSPOT', 'JUMBO  BAG BAROQUE BLACK WHITE'})",frozenset({'JUMBO BAG PINK POLKADOT'}),0.035672053606622,0.07252660622782814,0.02010248324793063,0.56353591160221,7.770057650732645,0.017515310262665177,2.1249706869970013,0.9035316558669247
108,frozenset({'JUMBO SHOPPER VINTAGE RED PAISLEY'}),frozenset({'DOTCOM POSTAGE'}),0.06983313625016424,0.04283274208382604,0.023190119563789253,0.33207902163687675,7.7529246431848735,0.020198974849881285,1.433054641077314,0.9364087787285117
109,frozenset({'DOTCOM POSTAGE'}),frozenset({'JUMBO SHOPPER VINTAGE RED PAISLEY'}),0.04283274208382604,0.06983313625016424,0.023190119563789253,0.5414110429447853,7.7529246431848735,0.020198974849881285,2.0283237296484713,0.9099939531926559
110,frozenset({'JUMBO STORAGE BAG SUKI'}),frozenset({'JUMBO STORAGE BAG SKULLS'}),0.06989883063986335,0.0420444094074366,0.022598870056497175,0.32330827067669177,7.689685150375941,0.019660015003973685,1.4156454838756771,0.935334448105599
111,frozenset({'JUMBO STORAGE BAG SKULLS'}),frozenset({'JUMBO STORAGE BAG SUKI'}),0.0420444094074366,0.06989883063986335,0.022598870056497175,0.5375,7.68968515037594,0.019660015003973685,2.0110295553732684,0.9081377805705027
112,"frozenset({'LUNCH BAG PINK POLKADOT', 'LUNCH BAG  BLACK SKULL.'})",frozenset({'LUNCH BAG RED RETROSPOT'}),0.032715806070161606,0.08645381684404152,0.0216791486007095,0.6626506024096386,7.664792910242795,0.018850742294814565,2.7080119000694487,0.8989429749820947
113,frozenset({'LUNCH BAG RED RETROSPOT'}),"frozenset({'LUNCH BAG PINK POLKADOT', 'LUNCH BAG  BLACK SKULL.'})",0.08645381684404152,0.032715806070161606,0.0216791486007095,0.25075987841945285,7.664792910242794,0.018850742294814565,1.2910202831761333,0.9518219735104534
114,frozenset({'JUMBO SHOPPER VINTAGE RED PAISLEY'}),frozenset({'JUMBO BAG SCANDINAVIAN BLUE PAISLEY'}),0.06983313625016424,0.041650243069241887,0.02220470371830246,0.3179680150517404,7.634241522267495,0.01929613661919563,1.4051390229205458,0.934253037460022
115,frozenset({'JUMBO BAG SCANDINAVIAN BLUE PAISLEY'}),frozenset({'JUMBO SHOPPER VINTAGE RED PAISLEY'}),0.041650243069241887,0.06983313625016424,0.02220470371830246,0.5331230283911672,7.634241522267494,0.01929613661919563,1.9923168635722832,0.9067787741565979
116,frozenset({'JUMBO BAG PINK POLKADOT'}),frozenset({'JUMBO BAG WOODLAND ANIMALS'}),0.07252660622782814,0.04631454473787938,0.025226645644461962,0.34782608695652173,7.510083256244219,0.021867608895636655,1.4623176980685848,0.9346313217169572
117,frozenset({'JUMBO BAG WOODLAND ANIMALS'}),frozenset({'JUMBO BAG PINK POLKADOT'}),0.04631454473787938,0.07252660622782814,0.025226645644461962,0.5446808510638298,7.510083256244219,0.021867608895636655,2.036974276041686,0.9089429634221947
118,frozenset({'JUMBO BAG APPLES'}),frozenset({'JUMBO BAG ALPHABET'}),0.05813953488372093,0.05557745368545526,0.024109841019576927,0.41468926553672314,7.461465721040189,0.020878593712283018,1.6135404507497528,0.9194335116224309
119,frozenset({'JUMBO BAG ALPHABET'}),frozenset({'JUMBO BAG APPLES'}),0.05557745368545526,0.05813953488372093,0.024109841019576927,0.433806146572104,7.461465721040189,0.020878593712283018,1.6634946836917994,0.9169392220458259
120,frozenset({'LUNCH BAG WOODLAND'}),frozenset({'LUNCH BAG SPACEBOY DESIGN'}),0.05386939955327815,0.06484036263303114,0.0260149783208514,0.48292682926829267,7.447935354733486,0.022522066918993198,1.8085634496247982,0.9150265325102154
121,frozenset({'LUNCH BAG SPACEBOY DESIGN'}),frozenset({'LUNCH BAG WOODLAND'}),0.06484036263303114,0.05386939955327815,0.0260149783208514,0.4012158054711246,7.447935354733486,0.022522066918993198,1.5800861296800581,0.9257613011037669
122,frozenset({'JUMBO STORAGE BAG SUKI'}),"frozenset({'JUMBO BAG RED RETROSPOT', 'JUMBO BAG PINK POLKADOT'})",0.06989883063986335,0.04907370910524241,0.025489423203258442,0.36466165413533835,7.430896518404445,0.022059228321641183,1.4967242211716303,0.9304651626780532
123,"frozenset({'JUMBO BAG RED RETROSPOT', 'JUMBO BAG PINK POLKADOT'})",frozenset({'JUMBO STORAGE BAG SUKI'}),0.04907370910524241,0.06989883063986335,0.025489423203258442,0.5194109772423026,7.430896518404445,0.022059228321641183,1.935335859364964,0.9100881363175045
124,"frozenset({'JUMBO BAG RED RETROSPOT', 'JUMBO BAG PINK POLKADOT'})",frozenset({'JUMBO  BAG BAROQUE BLACK WHITE'}),0.04907370910524241,0.05597162002364998,0.02010248324793063,0.4096385542168675,7.318683183437979,0.01735574824874087,1.599068480368103,0.9079183175861019
125,frozenset({'JUMBO  BAG BAROQUE BLACK WHITE'}),"frozenset({'JUMBO BAG RED RETROSPOT', 'JUMBO BAG PINK POLKADOT'})",0.05597162002364998,0.04907370910524241,0.02010248324793063,0.3591549295774648,7.318683183437978,0.01735574824874087,1.483863003374237,0.9145523762741005
126,frozenset({'JUMBO BAG WOODLAND ANIMALS'}),frozenset({'JUMBO SHOPPER VINTAGE RED PAISLEY'}),0.04631454473787938,0.06983313625016424,0.02345289712258573,0.5063829787234043,7.251328035867978,0.02021860720954107,1.8843897670794088,0.9039607576860048
127,frozenset({'JUMBO SHOPPER VINTAGE RED PAISLEY'}),frozenset({'JUMBO BAG WOODLAND ANIMALS'}),0.06983313625016424,0.04631454473787938,0.02345289712258573,0.33584195672624645,7.251328035867977,0.02021860720954107,1.4359314999201618,0.9268167468979258
128,"frozenset({'LUNCH BAG  BLACK SKULL.', 'LUNCH BAG SUKI DESIGN'})",frozenset({'LUNCH BAG RED RETROSPOT'}),0.03278150045986073,0.08645381684404152,0.020496649586125345,0.625250501002004,7.232190825419836,0.017662563749495683,2.437751579651461,0.8909355151629146
129,frozenset({'LUNCH BAG RED RETROSPOT'}),"frozenset({'LUNCH BAG  BLACK SKULL.', 'LUNCH BAG SUKI DESIGN'})",0.08645381684404152,0.03278150045986073,0.020496649586125345,0.23708206686930092,7.232190825419836,0.017662563749495683,1.2677883918275132,0.9432794182182935
130,frozenset({'JUMBO BAG VINTAGE LEAF'}),frozenset({'JUMBO BAG APPLES'}),0.05360662199448167,0.05813953488372093,0.022270398108001577,0.41544117647058826,7.1455882352941185,0.019153734038554967,1.6112329969284775,0.9087695760984545
131,frozenset({'JUMBO BAG APPLES'}),frozenset({'JUMBO BAG VINTAGE LEAF'}),0.05813953488372093,0.05360662199448167,0.022270398108001577,0.38305084745762713,7.145588235294118,0.019153734038554967,1.533989266547406,0.9131432317273025
132,frozenset({'JUMBO BAG PINK POLKADOT'}),frozenset({'JUMBO BAG SPACEBOY DESIGN'}),0.07252660622782814,0.03882538431217974,0.02010248324793063,0.2771739130434783,7.138986978591924,0.01728660988827707,1.329745332981646,0.9271684874544802
133,frozenset({'JUMBO BAG SPACEBOY DESIGN'}),frozenset({'JUMBO BAG PINK POLKADOT'}),0.03882538431217974,0.07252660622782814,0.02010248324793063,0.517766497461929,7.138986978591924,0.01728660988827707,1.9232869323486095,0.8946596067174051
134,frozenset({'JUMBO BAG PINK VINTAGE PAISLEY'}),frozenset({'JUMBO SHOPPER VINTAGE RED PAISLEY'}),0.05084745762711865,0.06983313625016424,0.025160951254762844,0.4948320413436692,7.085920351207274,0.021610113818313813,1.8413021804152756,0.9048862364789256
135,frozenset({'JUMBO SHOPPER VINTAGE RED PAISLEY'}),frozenset({'JUMBO BAG PINK VINTAGE PAISLEY'}),0.06983313625016424,0.05084745762711865,0.025160951254762844,0.36030103480714953,7.085920351207274,0.021610113818313813,1.4837487537387837,0.9233559110563966
136,frozenset({'LUNCH BAG PINK POLKADOT'}),frozenset({'LUNCH BAG CARS BLUE'}),0.06359216922874787,0.06700827749310209,0.0300223360924977,0.4721074380165289,7.045509236752551,0.025761134370429456,1.7673894078017163,0.9163375077793051
137,frozenset({'LUNCH BAG CARS BLUE'}),frozenset({'LUNCH BAG PINK POLKADOT'}),0.06700827749310209,0.06359216922874787,0.0300223360924977,0.4480392156862745,7.045509236752551,0.025761134370429456,1.6965115228893022,0.9196926373670057
138,frozenset({'LUNCH BAG WOODLAND'}),frozenset({'LUNCH BAG CARS BLUE'}),0.05386939955327815,0.06700827749310209,0.025292340034161084,0.46951219512195125,7.0067790530846485,0.021682644360508232,1.7587430171394396,0.9060916863999771
139,frozenset({'LUNCH BAG CARS BLUE'}),frozenset({'LUNCH BAG WOODLAND'}),0.06700827749310209,0.05386939955327815,0.025292340034161084,0.37745098039215685,7.0067790530846485,0.021682644360508232,1.5197688385128445,0.9188517439468009
140,frozenset({'JAM MAKING SET PRINTED'}),frozenset({'JAM MAKING SET WITH JARS'}),0.05800814610432269,0.059322033898305086,0.02384706346078045,0.4110985277463194,6.929946610580813,0.020405902251201986,1.5973435462842245,0.9083929340255065
141,frozenset({'JAM MAKING SET WITH JARS'}),frozenset({'JAM MAKING SET PRINTED'}),0.059322033898305086,0.05800814610432269,0.02384706346078045,0.4019933554817276,6.929946610580813,0.020405902251201986,1.5752197112366606,0.909661727843546
142,frozenset({'JUMBO BAG PINK POLKADOT'}),frozenset({'DOTCOM POSTAGE'}),0.07252660622782814,0.04283274208382604,0.02128498226251478,0.29347826086956524,6.8517271272339295,0.01817846884374301,1.3547598112044308,0.92083654698756
143,frozenset({'DOTCOM POSTAGE'}),frozenset({'JUMBO BAG PINK POLKADOT'}),0.04283274208382604,0.07252660622782814,0.02128498226251478,0.4969325153374233,6.851727127233929,0.01817846884374301,1.8436361364007807,0.8922697577467653
144,frozenset({'LUNCH BAG APPLE DESIGN'}),frozenset({'LUNCH BAG SUKI DESIGN'}),0.0600446721849954,0.06700827749310209,0.027460254894232032,0.4573304157549234,6.82498391041318,0.023436764838477512,1.7192629725227917,0.9080000749070685
145,frozenset({'LUNCH BAG SUKI DESIGN'}),frozenset({'LUNCH BAG APPLE DESIGN'}),0.06700827749310209,0.0600446721849954,0.027460254894232032,0.40980392156862744,6.82498391041318,0.023436764838477512,1.5926153394872171,0.9147771491177535
146,"frozenset({'JUMBO BAG RED RETROSPOT', 'JUMBO BAG PINK POLKADOT'})",frozenset({'JUMBO SHOPPER VINTAGE RED PAISLEY'}),0.04907370910524241,0.06983313625016424,0.023387202732886612,0.47657295850066933,6.824453033205257,0.019960231718639292,1.7770707090054403,0.8975123711940385
147,frozenset({'JUMBO SHOPPER VINTAGE RED PAISLEY'}),"frozenset({'JUMBO BAG RED RETROSPOT', 'JUMBO BAG PINK POLKADOT'})",0.06983313625016424,0.04907370910524241,0.023387202732886612,0.334901222953904,6.824453033205256,0.019960231718639292,1.4297519762675066,0.9175430166702245
148,frozenset({'LUNCH BAG  BLACK SKULL.'}),frozenset({'LUNCH BAG PINK POLKADOT'}),0.07567993693338589,0.06359216922874787,0.032715806070161606,0.43229166666666663,6.797875774793387,0.027903154713472763,1.6494523257622054,0.9227271559585891
149,frozenset({'LUNCH BAG PINK POLKADOT'}),frozenset({'LUNCH BAG  BLACK SKULL.'}),0.06359216922874787,0.07567993693338589,0.032715806070161606,0.5144628099173553,6.797875774793387,0.027903154713472763,1.9037060022308132,0.9108159873956327
150,frozenset({'PACK OF 60 PINK PAISLEY CAKE CASES'}),frozenset({'PACK OF 72 RETROSPOT CAKE CASES'}),0.047891210090658255,0.06845355406648272,0.022270398108001577,0.4650205761316873,6.79322764863392,0.01899207456875142,1.7412752797064976,0.8956902599912437
151,frozenset({'PACK OF 72 RETROSPOT CAKE CASES'}),frozenset({'PACK OF 60 PINK PAISLEY CAKE CASES'}),0.06845355406648272,0.047891210090658255,0.022270398108001577,0.3253358925143954,6.793227648633919,0.01899207456875142,1.41123379670773,0.9154611380855499
152,frozenset({'JUMBO STORAGE BAG SKULLS'}),frozenset({'JUMBO BAG PINK POLKADOT'}),0.0420444094074366,0.07252660622782814,0.020693732755222703,0.4921875,6.786302649456522,0.017644394430047956,1.826409144659046,0.8900666836478112
153,frozenset({'JUMBO BAG PINK POLKADOT'}),frozenset({'JUMBO STORAGE BAG SKULLS'}),0.07252660622782814,0.0420444094074366,0.020693732755222703,0.28532608695652173,6.7863026494565215,0.017644394430047956,1.3404093434907352,0.919319477330527
154,"frozenset({'JUMBO SHOPPER VINTAGE RED PAISLEY', 'JUMBO BAG PINK POLKADOT'})",frozenset({'JUMBO BAG RED RETROSPOT'}),0.029102614636710024,0.11884115096570753,0.023387202732886612,0.8036117381489842,6.7620662676085335,0.019928614513348545,4.486820346232087,0.8776583612794042
155,frozenset({'JUMBO BAG RED RETROSPOT'}),"frozenset({'JUMBO SHOPPER VINTAGE RED PAISLEY', 'JUMBO BAG PINK POLKADOT'})",0.11884115096570753,0.029102614636710024,0.023387202732886612,0.19679380873410723,6.7620662676085335,0.019928614513348545,1.2087772678060507,0.9670404026950208
156,frozenset({'JUMBO BAG RED RETROSPOT'}),"frozenset({'JUMBO STORAGE BAG SUKI', 'JUMBO BAG PINK POLKADOT'})",0.11884115096570753,0.03173039022467481,0.025489423203258442,0.21448313985627418,6.759549389010778,0.021718547108367053,1.2326528670538799,0.9669779126420668
157,"frozenset({'JUMBO STORAGE BAG SUKI', 'JUMBO BAG PINK POLKADOT'})",frozenset({'JUMBO BAG RED RETROSPOT'}),0.03173039022467481,0.11884115096570753,0.025489423203258442,0.803312629399586,6.759549389010778,0.021718547108367053,4.479997095616458,0.8799833599476248
158,frozenset({'JUMBO BAG RED RETROSPOT'}),"frozenset({'JUMBO BAG WOODLAND ANIMALS', 'JUMBO BAG PINK POLKADOT'})",0.11884115096570753,0.025226645644461962,0.02010248324793063,0.1691542288557214,6.705379353233831,0.017104519644538716,1.173230204942893,0.9656215874853633
159,"frozenset({'JUMBO BAG WOODLAND ANIMALS', 'JUMBO BAG PINK POLKADOT'})",frozenset({'JUMBO BAG RED RETROSPOT'}),0.025226645644461962,0.11884115096570753,0.02010248324793063,0.7968750000000001,6.705379353233831,0.017104519644538716,4.33801279524575,0.8728859922456649
160,frozenset({'JUMBO  BAG BAROQUE BLACK WHITE'}),frozenset({'JUMBO STORAGE BAG SUKI'}),0.05597162002364998,0.06989883063986335,0.02608067271055052,0.46596244131455405,6.666240866250134,0.022168321921878627,1.7416399918567833,0.9003865105199224
161,frozenset({'JUMBO STORAGE BAG SUKI'}),frozenset({'JUMBO  BAG BAROQUE BLACK WHITE'}),0.06989883063986335,0.05597162002364998,0.02608067271055052,0.37312030075187974,6.666240866250133,0.022168321921878627,1.5059163362741177,0.9138687778055717
162,frozenset({'JUMBO SHOPPER VINTAGE RED PAISLEY'}),frozenset({'JUMBO STORAGE BAG SUKI'}),0.06983313625016424,0.06989883063986335,0.03232163973196689,0.46284101599247407,6.621584535185565,0.027440385168166156,1.7315193398070492,0.912716609332913
163,frozenset({'JUMBO STORAGE BAG SUKI'}),frozenset({'JUMBO SHOPPER VINTAGE RED PAISLEY'}),0.06989883063986335,0.06983313625016424,0.03232163973196689,0.462406015037594,6.621584535185565,0.027440385168166156,1.7302404598423515,0.9127810758260146
164,frozenset({'LUNCH BAG SPACEBOY DESIGN'}),frozenset({'LUNCH BAG CARS BLUE'}),0.06484036263303114,0.06700827749310209,0.028642753908816185,0.44174265450861194,6.5923594969902855,0.024297912896748666,1.6712574049261493,0.9071277346506704
165,frozenset({'LUNCH BAG CARS BLUE'}),frozenset({'LUNCH BAG SPACEBOY DESIGN'}),0.06700827749310209,0.06484036263303114,0.028642753908816185,0.42745098039215684,6.5923594969902855,0.024297912896748666,1.6333267638943634,0.9092355515245946
166,frozenset({'LUNCH BAG WOODLAND'}),frozenset({'LUNCH BAG PINK POLKADOT'}),0.05386939955327815,0.06359216922874787,0.022533175666798057,0.4182926829268293,6.577738863132433,0.019107503694154957,1.6097576965040394,0.8962526665595116
167,frozenset({'LUNCH BAG PINK POLKADOT'}),frozenset({'LUNCH BAG WOODLAND'}),0.06359216922874787,0.05386939955327815,0.022533175666798057,0.35433884297520657,6.577738863132432,0.019107503694154957,1.4653670739718827,0.905558503142282
168,frozenset({'JUMBO BAG RED RETROSPOT'}),"frozenset({'JUMBO  BAG BAROQUE BLACK WHITE', 'JUMBO BAG PINK POLKADOT'})",0.11884115096570753,0.025752200762054922,0.02010248324793063,0.1691542288557214,6.568534876637222,0.01704206206946805,1.1725976505798021,0.962095596458221
169,"frozenset({'JUMBO  BAG BAROQUE BLACK WHITE', 'JUMBO BAG PINK POLKADOT'})",frozenset({'JUMBO BAG RED RETROSPOT'}),0.025752200762054922,0.11884115096570753,0.02010248324793063,0.7806122448979592,6.568534876637222,0.01704206206946805,4.016444986295845,0.8701677839038515
170,frozenset({'LUNCH BAG WOODLAND'}),frozenset({'LUNCH BAG SUKI DESIGN'}),0.05386939955327815,0.06700827749310209,0.02358428590198397,0.4378048780487805,6.5335939741750355,0.01997459022833112,1.659551436997085,0.8951669897286783
171,frozenset({'LUNCH BAG SUKI DESIGN'}),frozenset({'LUNCH BAG WOODLAND'}),0.06700827749310209,0.05386939955327815,0.02358428590198397,0.35196078431372546,6.5335939741750355,0.01997459022833112,1.4599897314003876,0.9077731999769345
172,frozenset({'JUMBO  BAG BAROQUE BLACK WHITE'}),frozenset({'JUMBO SHOPPER VINTAGE RED PAISLEY'}),0.05597162002364998,0.06983313625016424,0.025489423203258442,0.45539906103286387,6.5212460085063535,0.021580749436004472,1.7079788101613362,0.8968534102404063
173,frozenset({'JUMBO SHOPPER VINTAGE RED PAISLEY'}),frozenset({'JUMBO  BAG BAROQUE BLACK WHITE'}),0.06983313625016424,0.05597162002364998,0.025489423203258442,0.3650047036688617,6.521246008506353,0.021580749436004472,1.4866698783923853,0.9102184833077646
174,frozenset({'LUNCH BAG SUKI DESIGN'}),frozenset({'LUNCH BAG CARS BLUE'}),0.06700827749310209,0.06700827749310209,0.029168309026409146,0.43529411764705883,6.496124567474048,0.02467819977381657,1.6521728419392983,0.906826979070325
175,frozenset({'LUNCH BAG CARS BLUE'}),frozenset({'LUNCH BAG SUKI DESIGN'}),0.06700827749310209,0.06700827749310209,0.029168309026409146,0.43529411764705883,6.496124567474048,0.02467819977381657,1.6521728419392983,0.906826979070325
176,frozenset({'LUNCH BAG SUKI DESIGN'}),frozenset({'LUNCH BAG  BLACK SKULL.'}),0.06700827749310209,0.07567993693338589,0.03278150045986073,0.48921568627450984,6.4642718545751645,0.027710318245167943,1.80960933652197,0.9060139713309171
177,frozenset({'LUNCH BAG  BLACK SKULL.'}),frozenset({'LUNCH BAG SUKI DESIGN'}),0.07567993693338589,0.06700827749310209,0.03278150045986073,0.43315972222222227,6.464271854575164,0.027710318245167943,1.64595170647465,0.9145138891856207
178,frozenset({'LUNCH BAG SPACEBOY DESIGN'}),frozenset({'LUNCH BAG SUKI DESIGN'}),0.06484036263303114,0.06700827749310209,0.02792011562212587,0.43059777102330293,6.426038500506586,0.02357527461005835,1.6385459610574877,0.9029293993677555
179,frozenset({'LUNCH BAG SUKI DESIGN'}),frozenset({'LUNCH BAG SPACEBOY DESIGN'}),0.06700827749310209,0.06484036263303114,0.02792011562212587,0.41666666666666663,6.426038500506585,0.02357527461005835,1.6031308069148036,0.9050274609209971
180,frozenset({'LUNCH BAG WOODLAND'}),frozenset({'LUNCH BAG APPLE DESIGN'}),0.05386939955327815,0.0600446721849954,0.020759427144921825,0.3853658536585366,6.41798580349042,0.0175248567079427,1.5292923984291742,0.8922530098667731
181,frozenset({'LUNCH BAG APPLE DESIGN'}),frozenset({'LUNCH BAG WOODLAND'}),0.0600446721849954,0.05386939955327815,0.020759427144921825,0.34573304157549234,6.41798580349042,0.0175248567079427,1.446092589980441,0.8981148901384726
182,frozenset({'LUNCH BAG  BLACK SKULL.'}),frozenset({'LUNCH BAG WOODLAND'}),0.07567993693338589,0.05386939955327815,0.02588358954145316,0.3420138888888889,6.3489456300813005,0.021806756780621703,1.4379188017343316,0.9114738129511976
183,frozenset({'LUNCH BAG WOODLAND'}),frozenset({'LUNCH BAG  BLACK SKULL.'}),0.05386939955327815,0.07567993693338589,0.02588358954145316,0.48048780487804876,6.3489456300813005,0.021806756780621703,1.779207633132919,0.8904621960993856
184,frozenset({'LUNCH BAG RED RETROSPOT'}),frozenset({'LUNCH BAG PINK POLKADOT'}),0.08645381684404152,0.06359216922874787,0.03488372093023256,0.4034954407294833,6.345049172297721,0.029385935179015096,1.5698251022865832,0.9221173751226623
185,frozenset({'LUNCH BAG PINK POLKADOT'}),frozenset({'LUNCH BAG RED RETROSPOT'}),0.06359216922874787,0.08645381684404152,0.03488372093023256,0.5485537190082644,6.345049172297721,0.029385935179015096,2.0235988679518715,0.8996046175428473
186,frozenset({'JUMBO  BAG BAROQUE BLACK WHITE'}),frozenset({'JUMBO BAG PINK POLKADOT'}),0.05597162002364998,0.07252660622782814,0.025752200762054922,0.46009389671361506,6.343794651969791,0.02169276911666604,1.7178420249867183,0.8923096587277917
187,frozenset({'JUMBO BAG PINK POLKADOT'}),frozenset({'JUMBO  BAG BAROQUE BLACK WHITE'}),0.07252660622782814,0.05597162002364998,0.025752200762054922,0.35507246376811596,6.34379465196979,0.02169276911666604,1.4637743419858011,0.9082369879528522
188,frozenset({'JUMBO BAG RED RETROSPOT'}),"frozenset({'JUMBO SHOPPER VINTAGE RED PAISLEY', 'JUMBO STORAGE BAG SUKI'})",0.11884115096570753,0.03232163973196689,0.02430692418867429,0.2045328911000553,6.3280481063517104,0.020465783321828402,1.216490725312628,0.9555296293833535
189,"frozenset({'JUMBO SHOPPER VINTAGE RED PAISLEY', 'JUMBO STORAGE BAG SUKI'})",frozenset({'JUMBO BAG RED RETROSPOT'}),0.03232163973196689,0.11884115096570753,0.02430692418867429,0.7520325203252033,6.3280481063517104,0.020465783321828402,3.5535258502038682,0.8700963285077339
190,frozenset({'SET OF 3 CAKE TINS PANTRY DESIGN'}),frozenset({'SET OF 6 SPICE TINS PANTRY DESIGN'}),0.0777164630140586,0.047891210090658255,0.023518591512284852,0.30262045646661034,6.318914387290457,0.0197966560545757,1.3652663011669715,0.912674827227106
191,frozenset({'SET OF 6 SPICE TINS PANTRY DESIGN'}),frozenset({'SET OF 3 CAKE TINS PANTRY DESIGN'}),0.047891210090658255,0.0777164630140586,0.023518591512284852,0.4910836762688615,6.318914387290456,0.0197966560545757,1.8122498610855833,0.884084861618805
192,frozenset({'JUMBO BAG PINK POLKADOT'}),frozenset({'JUMBO STORAGE BAG SUKI'}),0.07252660622782814,0.06989883063986335,0.03173039022467481,0.4375,6.25904605263158,0.026660865259071794,1.6535131899735762,0.9059356849412098
193,frozenset({'JUMBO STORAGE BAG SUKI'}),frozenset({'JUMBO BAG PINK POLKADOT'}),0.06989883063986335,0.07252660622782814,0.03173039022467481,0.4539473684210526,6.259046052631579,0.026660865259071794,1.6985054922092786,0.9033761830767058
194,frozenset({'JUMBO BAG PINK POLKADOT'}),frozenset({'JUMBO BAG PINK VINTAGE PAISLEY'}),0.07252660622782814,0.05084745762711865,0.023058730784391013,0.3179347826086957,6.252717391304348,0.019370937247382803,1.3915861975825512,0.9057613303257162
195,frozenset({'JUMBO BAG PINK VINTAGE PAISLEY'}),frozenset({'JUMBO BAG PINK POLKADOT'}),0.05084745762711865,0.07252660622782814,0.023058730784391013,0.45348837209302323,6.252717391304348,0.019370937247382803,1.697078975838442,0.8850732600732601
196,frozenset({'LUNCH BAG CARS BLUE'}),frozenset({'LUNCH BAG  BLACK SKULL.'}),0.06700827749310209,0.07567993693338589,0.03166469583497569,0.4725490196078431,6.244046160130719,0.026593513620282904,1.7524283723567775,0.9001660101639591
197,frozenset({'LUNCH BAG  BLACK SKULL.'}),frozenset({'LUNCH BAG CARS BLUE'}),0.07567993693338589,0.06700827749310209,0.03166469583497569,0.4184027777777778,6.2440461601307184,0.026593513620282904,1.604188752728278,0.9086110644170965
198,frozenset({'JUMBO BAG PINK VINTAGE PAISLEY'}),frozenset({'JUMBO STORAGE BAG SUKI'}),0.05084745762711865,0.06989883063986335,0.022139009328603337,0.4354005167958656,6.2290100250626566,0.018584831499457742,1.6473645425280223,0.8844319626960576
199,frozenset({'JUMBO STORAGE BAG SUKI'}),frozenset({'JUMBO BAG PINK VINTAGE PAISLEY'}),0.06989883063986335,0.05084745762711865,0.022139009328603337,0.3167293233082707,6.2290100250626566,0.018584831499457742,1.3891310936516448,0.902547887910202
200,frozenset({'LUNCH BAG SPACEBOY DESIGN'}),frozenset({'LUNCH BAG  BLACK SKULL.'}),0.06484036263303114,0.07567993693338589,0.03021941926159506,0.46605876393110435,6.1582868963188115,0.02531230470678939,1.731126949234816,0.8956943235442342
201,frozenset({'LUNCH BAG  BLACK SKULL.'}),frozenset({'LUNCH BAG SPACEBOY DESIGN'}),0.07567993693338589,0.06484036263303114,0.03021941926159506,0.3993055555555556,6.1582868963188115,0.02531230470678939,1.556797546599347,0.9061982015388895
202,frozenset({'LUNCH BAG APPLE DESIGN'}),frozenset({'JUMBO BAG APPLES'}),0.0600446721849954,0.05813953488372093,0.02128498226251478,0.3544857768052517,6.097155361050329,0.017794012949433655,1.459085534095388,0.8893923627289577
203,frozenset({'JUMBO BAG APPLES'}),frozenset({'LUNCH BAG APPLE DESIGN'}),0.05813953488372093,0.0600446721849954,0.02128498226251478,0.36610169491525424,6.097155361050328,0.017794012949433655,1.482817228371264,0.8875933546715441
204,frozenset({'LUNCH BAG RED RETROSPOT'}),frozenset({'LUNCH BAG WOODLAND'}),0.08645381684404152,0.05386939955327815,0.028314281960320587,0.3275075987841945,6.0796593520646445,0.023657066757842987,1.4069015482348992,0.9145866028551665
205,frozenset({'LUNCH BAG WOODLAND'}),frozenset({'LUNCH BAG RED RETROSPOT'}),0.05386939955327815,0.08645381684404152,0.028314281960320587,0.5256097560975609,6.0796593520646445,0.023657066757842987,1.925727172719501,0.8830885501530304
206,frozenset({'JUMBO BAG PINK POLKADOT'}),frozenset({'JUMBO BAG STRAWBERRY'}),0.07252660622782814,0.04861384837734858,0.02121928787281566,0.29257246376811596,6.018294653349002,0.017693490434332357,1.34485315158951,0.8990446291474291
207,frozenset({'JUMBO BAG STRAWBERRY'}),frozenset({'JUMBO BAG PINK POLKADOT'}),0.04861384837734858,0.07252660622782814,0.02121928787281566,0.4364864864864864,6.018294653349001,0.017693490434332357,1.6458760465021751,0.876447457140133
208,frozenset({'LUNCH BAG PINK POLKADOT'}),frozenset({'LUNCH BAG SUKI DESIGN'}),0.06359216922874787,0.06700827749310209,0.025620811982656682,0.40289256198347106,6.012578998541565,0.021359610260588437,1.5625190093195107,0.8902980000215864
209,frozenset({'LUNCH BAG SUKI DESIGN'}),frozenset({'LUNCH BAG PINK POLKADOT'}),0.06700827749310209,0.06359216922874787,0.025620811982656682,0.38235294117647056,6.0125789985415645,0.021359610260588437,1.5160888688677414,0.8935577870939088
210,frozenset({'LUNCH BAG SPACEBOY DESIGN'}),frozenset({'LUNCH BAG PINK POLKADOT'}),0.06484036263303114,0.06359216922874787,0.024701090526869005,0.38095238095238093,5.990554899645808,0.02057775121345591,1.512658803553561,0.890832455216017
211,frozenset({'LUNCH BAG PINK POLKADOT'}),frozenset({'LUNCH BAG SPACEBOY DESIGN'}),0.06359216922874787,0.06484036263303114,0.024701090526869005,0.3884297520661157,5.990554899645808,0.02057775121345591,1.5291123800189625,0.8896450119264768
212,frozenset({'LUNCH BAG SUKI DESIGN'}),frozenset({'LUNCH BAG RED RETROSPOT'}),0.06700827749310209,0.08645381684404152,0.03389830508474576,0.5058823529411764,5.851475058108349,0.028105183735322406,1.8488434659108683,0.8886498134884377
213,frozenset({'LUNCH BAG RED RETROSPOT'}),frozenset({'LUNCH BAG SUKI DESIGN'}),0.08645381684404152,0.06700827749310209,0.03389830508474576,0.39209726443768994,5.851475058108349,0.028105183735322406,1.5347713835238468,0.9075654142933116
214,frozenset({'LUNCH BAG SPACEBOY DESIGN'}),frozenset({'LUNCH BAG APPLE DESIGN'}),0.06484036263303114,0.0600446721849954,0.022730258835895415,0.3505572441742655,5.838273928687822,0.018836940517238835,1.447325910379734,0.8861765046261048
215,frozenset({'LUNCH BAG APPLE DESIGN'}),frozenset({'LUNCH BAG SPACEBOY DESIGN'}),0.0600446721849954,0.06484036263303114,0.022730258835895415,0.3785557986870897,5.838273928687821,0.018836940517238835,1.5048167404109323,0.8816551959290329
216,frozenset({'JUMBO STORAGE BAG SUKI'}),frozenset({'JUMBO BAG APPLES'}),0.06989883063986335,0.05813953488372093,0.02371567468138221,0.3392857142857143,5.835714285714286,0.01965178917906457,1.4255185417976115,0.8909153091798574
217,frozenset({'JUMBO BAG APPLES'}),frozenset({'JUMBO STORAGE BAG SUKI'}),0.05813953488372093,0.06989883063986335,0.02371567468138221,0.40790960451977404,5.835714285714286,0.01965178917906457,1.5708769749689333,0.8797920727745289
218,frozenset({'DOTCOM POSTAGE'}),frozenset({'JUMBO BAG RED RETROSPOT'}),0.04283274208382604,0.11884115096570753,0.029496780974904744,0.6886503067484663,5.7947125314124674,0.024406488606645557,2.830125958474673,0.8644559021573144
219,frozenset({'JUMBO BAG RED RETROSPOT'}),frozenset({'DOTCOM POSTAGE'}),0.11884115096570753,0.04283274208382604,0.029496780974904744,0.24820342730790493,5.7947125314124674,0.024406488606645557,1.2731732129193813,0.9390235215411966
220,frozenset({'LUNCH BAG  BLACK SKULL.'}),frozenset({'LUNCH BAG RED RETROSPOT'}),0.07567993693338589,0.08645381684404152,0.03783996846669294,0.5,5.783434650455927,0.031297149060285384,1.827092366311917,0.8948116560056858
221,frozenset({'LUNCH BAG RED RETROSPOT'}),frozenset({'LUNCH BAG  BLACK SKULL.'}),0.08645381684404152,0.07567993693338589,0.03783996846669294,0.43768996960486317,5.783434650455926,0.031297149060285384,1.6437908148590055,0.9053645908241046
222,frozenset({'JUMBO BAG PINK POLKADOT'}),frozenset({'JUMBO SHOPPER VINTAGE RED PAISLEY'}),0.07252660622782814,0.06983313625016424,0.029102614636710024,0.401268115942029,5.746099022454906,0.02403785426224009,1.5535615999694685,0.8905580407893866
223,frozenset({'JUMBO SHOPPER VINTAGE RED PAISLEY'}),frozenset({'JUMBO BAG PINK POLKADOT'}),0.06983313625016424,0.07252660622782814,0.029102614636710024,0.41674506114769516,5.746099022454906,0.02403785426224009,1.5901680928706752,0.887979265475285
224,frozenset({'LUNCH BAG APPLE DESIGN'}),frozenset({'LUNCH BAG  BLACK SKULL.'}),0.0600446721849954,0.07567993693338589,0.02608067271055052,0.4343544857768053,5.739361095915391,0.02153649570640424,1.6340977517270512,0.8785147059755548
225,frozenset({'LUNCH BAG  BLACK SKULL.'}),frozenset({'LUNCH BAG APPLE DESIGN'}),0.07567993693338589,0.0600446721849954,0.02608067271055052,0.3446180555555556,5.739361095915391,0.02153649570640424,1.4342099836329607,0.8933751537383254
226,frozenset({'JUMBO BAG RED RETROSPOT'}),frozenset({'JUMBO BAG TOYS'}),0.11884115096570753,0.031599001445276574,0.02148206543161214,0.18076285240464343,5.720524198136138,0.017726803730488416,1.1820765225273242,0.9364836386991396
227,frozenset({'JUMBO BAG TOYS'}),frozenset({'JUMBO BAG RED RETROSPOT'}),0.031599001445276574,0.11884115096570753,0.02148206543161214,0.6798336798336798,5.720524198136138,0.017726803730488416,2.75219095055516,0.8521168879907441
228,frozenset({'JUMBO BAG PINK POLKADOT'}),frozenset({'JUMBO BAG RED RETROSPOT'}),0.07252660622782814,0.11884115096570753,0.04907370910524241,0.6766304347826088,5.693570192515683,0.04045456374549067,2.724928205416972,0.8888268757136494
229,frozenset({'JUMBO BAG RED RETROSPOT'}),frozenset({'JUMBO BAG PINK POLKADOT'}),0.11884115096570753,0.07252660622782814,0.04907370910524241,0.41293532338308453,5.693570192515682,0.04045456374549067,1.5798487470186995,0.9355444592056441
230,frozenset({'JUMBO BAG RED RETROSPOT'}),frozenset({'JUMBO BAG SCANDINAVIAN BLUE PAISLEY'}),0.11884115096570753,0.041650243069241887,0.02811719879122323,0.23659480375898284,5.680514357759049,0.02316743596687304,1.2553618466964094,0.9350863404243757
231,frozenset({'JUMBO BAG SCANDINAVIAN BLUE PAISLEY'}),frozenset({'JUMBO BAG RED RETROSPOT'}),0.041650243069241887,0.11884115096570753,0.02811719879122323,0.6750788643533123,5.680514357759049,0.02316743596687304,2.7119160693579683,0.8597691996238106
232,frozenset({'LUNCH BAG CARS BLUE'}),frozenset({'LUNCH BAG APPLE DESIGN'}),0.06700827749310209,0.0600446721849954,0.022598870056497175,0.3372549019607843,5.6167331702921865,0.018575380000742655,1.4182757904900956,0.8809944881657678
233,frozenset({'LUNCH BAG APPLE DESIGN'}),frozenset({'LUNCH BAG CARS BLUE'}),0.0600446721849954,0.06700827749310209,0.022598870056497175,0.37636761487964987,5.6167331702921865,0.018575380000742655,1.4960604111777274,0.8744676908673632
234,frozenset({'LUNCH BAG PINK POLKADOT'}),frozenset({'LUNCH BAG APPLE DESIGN'}),0.06359216922874787,0.0600446721849954,0.0213506766522139,0.3357438016528925,5.591566902363599,0.01753230569734098,1.415049389307814,0.8769248038337416
235,frozenset({'LUNCH BAG APPLE DESIGN'}),frozenset({'LUNCH BAG PINK POLKADOT'}),0.0600446721849954,0.06359216922874787,0.0213506766522139,0.3555798687089715,5.591566902363599,0.01753230569734098,1.4531014555601434,0.8736151910711598
236,frozenset({'LUNCH BAG RED RETROSPOT'}),frozenset({'LUNCH BAG CARS BLUE'}),0.08645381684404152,0.06700827749310209,0.03205886217317041,0.3708206686930091,5.533953155730377,0.026265740823747052,1.4828709019554078,0.8968318899967699
237,frozenset({'LUNCH BAG CARS BLUE'}),frozenset({'LUNCH BAG RED RETROSPOT'}),0.06700827749310209,0.08645381684404152,0.03205886217317041,0.4784313725490196,5.5339531557303765,0.026265740823747052,1.7515359150734542,0.8781399987533505
238,frozenset({'JUMBO BAG RED RETROSPOT'}),frozenset({'JUMBO BAG STRAWBERRY'}),0.11884115096570753,0.04861384837734858,0.03192747339377217,0.26865671641791045,5.526341266639774,0.026150147699735674,1.3008749420146457,0.9295128275222214
239,frozenset({'JUMBO BAG STRAWBERRY'}),frozenset({'JUMBO BAG RED RETROSPOT'}),0.04861384837734858,0.11884115096570753,0.03192747339377217,0.6567567567567567,5.526341266639774,0.026150147699735674,2.5671557019109303,0.860900121223281
240,frozenset({'LUNCH BAG RED RETROSPOT'}),frozenset({'LUNCH BAG SPACEBOY DESIGN'}),0.08645381684404152,0.06484036263303114,0.030942057548285377,0.35790273556231006,5.519752219584077,0.025336360713108068,1.4564142991419304,0.8963229912213121
241,frozenset({'LUNCH BAG SPACEBOY DESIGN'}),frozenset({'LUNCH BAG RED RETROSPOT'}),0.06484036263303114,0.08645381684404152,0.030942057548285377,0.47720364741641336,5.519752219584076,0.025336360713108068,1.7474226410366882,0.8756071314312305
242,frozenset({'JUMBO BAG WOODLAND ANIMALS'}),frozenset({'JUMBO BAG RED RETROSPOT'}),0.04631454473787938,0.11884115096570753,0.03008803048219682,0.649645390070922,5.4665020053397315,0.02458395667909448,2.5150485367173125,0.8567475325570714
243,frozenset({'JUMBO BAG RED RETROSPOT'}),frozenset({'JUMBO BAG WOODLAND ANIMALS'}),0.11884115096570753,0.04631454473787938,0.03008803048219682,0.25317855168601433,5.4665020053397315,0.02458395667909448,1.27699258961449,0.9272648870596439
244,frozenset({'LUNCH BAG APPLE DESIGN'}),frozenset({'LUNCH BAG RED RETROSPOT'}),0.0600446721849954,0.08645381684404152,0.028314281960320587,0.47155361050328226,5.4543989810645614,0.02312319086877848,1.7287395681253541,0.8688303786696003
245,frozenset({'LUNCH BAG RED RETROSPOT'}),frozenset({'LUNCH BAG APPLE DESIGN'}),0.08645381684404152,0.0600446721849954,0.028314281960320587,0.3275075987841945,5.454398981064561,0.02312319086877848,1.3977188829429896,0.8939468616427901
246,frozenset({'JUMBO BAG APPLES'}),frozenset({'JUMBO BAG PINK POLKADOT'}),0.05813953488372093,0.07252660622782814,0.022927342004992773,0.3943502824858757,5.437318840579711,0.018710678852212066,1.5313693162096496,0.866461494923768
247,frozenset({'JUMBO BAG PINK POLKADOT'}),frozenset({'JUMBO BAG APPLES'}),0.07252660622782814,0.05813953488372093,0.022927342004992773,0.3161231884057971,5.43731884057971,0.018710678852212066,1.3772370244879102,0.8799021428475748
248,frozenset({'JUMBO BAG RED RETROSPOT'}),frozenset({'JUMBO  BAG BAROQUE BLACK WHITE'}),0.11884115096570753,0.05597162002364998,0.035672053606622,0.30016583747927034,5.36282204003457,0.029020321861596192,1.348931547691325,0.9232512533194276
249,frozenset({'JUMBO  BAG BAROQUE BLACK WHITE'}),frozenset({'JUMBO BAG RED RETROSPOT'}),0.05597162002364998,0.11884115096570753,0.035672053606622,0.6373239436619719,5.362822040034569,0.029020321861596192,2.4296030400557194,0.8617654182862546
250,frozenset({'JUMBO BAG RED RETROSPOT'}),frozenset({'JUMBO BAG SPACEBOY DESIGN'}),0.11884115096570753,0.03882538431217974,0.024504007357771647,0.20619126589275844,5.310733416953585,0.01988995399942628,1.2108390527710773,0.9211756670782156
251,frozenset({'JUMBO BAG SPACEBOY DESIGN'}),frozenset({'JUMBO BAG RED RETROSPOT'}),0.03882538431217974,0.11884115096570753,0.024504007357771647,0.6311336717428089,5.310733416953585,0.01988995399942628,2.3888297237581053,0.8444897288305725
252,frozenset({'JUMBO BAG APPLES'}),frozenset({'JUMBO SHOPPER VINTAGE RED PAISLEY'}),0.05813953488372093,0.06983313625016424,0.02148206543161214,0.3694915254237288,5.291063029162746,0.01742199937055608,1.4752646494957071,0.8610639181485256
253,frozenset({'JUMBO SHOPPER VINTAGE RED PAISLEY'}),frozenset({'JUMBO BAG APPLES'}),0.06983313625016424,0.05813953488372093,0.02148206543161214,0.3076199435559736,5.291063029162746,0.01742199937055608,1.360322927199191,0.8718887911925568
254,frozenset({'WHITE HANGING HEART T-LIGHT HOLDER'}),frozenset({'RED HANGING HEART T-LIGHT HOLDER'}),0.12633031139140719,0.04046774405465773,0.027000394166338194,0.21372854914196565,5.281454504933444,0.021888091458605517,1.220357492184453,0.927877240097631
255,frozenset({'RED HANGING HEART T-LIGHT HOLDER'}),frozenset({'WHITE HANGING HEART T-LIGHT HOLDER'}),0.04046774405465773,0.12633031139140719,0.027000394166338194,0.6672077922077922,5.281454504933444,0.021888091458605517,2.625270869184845,0.8448472830383674
256,frozenset({'JUMBO STORAGE BAG SUKI'}),frozenset({'JUMBO BAG RED RETROSPOT'}),0.06989883063986335,0.11884115096570753,0.04355538037051636,0.6231203007518797,5.243304155912169,0.03524852288611793,2.3380374448191703,0.8700995040458076
257,frozenset({'JUMBO BAG RED RETROSPOT'}),frozenset({'JUMBO STORAGE BAG SUKI'}),0.11884115096570753,0.06989883063986335,0.04355538037051636,0.36650082918739635,5.243304155912169,0.03524852288611793,1.4681963484925717,0.9184275537374594
258,frozenset({'JUMBO BAG PINK VINTAGE PAISLEY'}),frozenset({'JUMBO BAG RED RETROSPOT'}),0.05084745762711865,0.11884115096570753,0.030942057548285377,0.6085271317829457,5.120508568269762,0.024899287160198555,2.25088102030542,0.8478161965423112
259,frozenset({'JUMBO BAG RED RETROSPOT'}),frozenset({'JUMBO BAG PINK VINTAGE PAISLEY'}),0.11884115096570753,0.05084745762711865,0.030942057548285377,0.2603648424543947,5.120508568269762,0.024899287160198555,1.2832712624458464,0.9132370392636482
260,frozenset({'JUMBO BAG RED RETROSPOT'}),frozenset({'JUMBO STORAGE BAG SKULLS'}),0.11884115096570753,0.0420444094074366,0.025423728813559324,0.21393034825870647,5.088199626865672,0.020427122807906137,1.2186650234753498,0.911829724373612
261,frozenset({'JUMBO STORAGE BAG SKULLS'}),frozenset({'JUMBO BAG RED RETROSPOT'}),0.0420444094074366,0.11884115096570753,0.025423728813559324,0.6046875,5.088199626865672,0.020427122807906137,2.2290184323397124,0.8387307703348824
262,"frozenset({'GREEN REGENCY TEACUP AND SAUCER', 'ROSES REGENCY TEACUP AND SAUCER'})",frozenset({'REGENCY CAKESTAND 3 TIER'}),0.04289843647352516,0.09919852844567074,0.02148206543161214,0.5007656967840735,5.048116183077593,0.017226603660818355,1.8043661378066778,0.8378487018328684
263,frozenset({'REGENCY CAKESTAND 3 TIER'}),"frozenset({'GREEN REGENCY TEACUP AND SAUCER', 'ROSES REGENCY TEACUP AND SAUCER'})",0.09919852844567074,0.04289843647352516,0.02148206543161214,0.21655629139072846,5.048116183077593,0.017226603660818355,1.221659645752305,0.8902142456974225
264,frozenset({'JUMBO BAG OWLS'}),frozenset({'JUMBO BAG RED RETROSPOT'}),0.036920247010905266,0.11884115096570753,0.022139009328603337,0.599644128113879,5.045761701575161,0.01775136467988913,2.200938991810099,0.8325518883009946
265,frozenset({'JUMBO BAG RED RETROSPOT'}),frozenset({'JUMBO BAG OWLS'}),0.11884115096570753,0.036920247010905266,0.022139009328603337,0.1862907683803206,5.045761701575161,0.01775136467988913,1.1835674410035817,0.9099538270701991
266,frozenset({'REGENCY CAKESTAND 3 TIER'}),frozenset({'PINK REGENCY TEACUP AND SAUCER'}),0.09919852844567074,0.045657600840888185,0.022795953225594533,0.22980132450331123,5.033144980704178,0.018266786409818606,1.2390860040672904,0.8895601236133016
267,frozenset({'PINK REGENCY TEACUP AND SAUCER'}),frozenset({'REGENCY CAKESTAND 3 TIER'}),0.045657600840888185,0.09919852844567074,0.022795953225594533,0.49928057553956834,5.033144980704178,0.018266786409818606,1.7990144331329279,0.8396536390848484
268,frozenset({'JUMBO BAG RED RETROSPOT'}),frozenset({'JUMBO SHOPPER VINTAGE RED PAISLEY'}),0.11884115096570753,0.06983313625016424,0.041387465510445406,0.34825870646766166,4.987012257620645,0.033088415222930816,1.4272025924711218,0.90730421446145
269,frozenset({'JUMBO SHOPPER VINTAGE RED PAISLEY'}),frozenset({'JUMBO BAG RED RETROSPOT'}),0.06983313625016424,0.11884115096570753,0.041387465510445406,0.592662276575729,4.987012257620645,0.033088415222930816,2.1632144492458494,0.8595007718462765
270,frozenset({'RED RETROSPOT CHARLOTTE BAG'}),frozenset({'LUNCH BAG  BLACK SKULL.'}),0.055708842464853504,0.07567993693338589,0.0210222047037183,0.3773584905660377,4.98624213836478,0.01680616301934626,1.4845140406827435,0.8466119382217894
271,frozenset({'LUNCH BAG  BLACK SKULL.'}),frozenset({'RED RETROSPOT CHARLOTTE BAG'}),0.07567993693338589,0.055708842464853504,0.0210222047037183,0.2777777777777778,4.98624213836478,0.01680616301934626,1.3074800642794335,0.864904051172708
272,frozenset({'RECIPE BOX PANTRY YELLOW DESIGN'}),frozenset({'SET OF 3 CAKE TINS PANTRY DESIGN'}),0.06194980948626987,0.0777164630140586,0.02378136907108133,0.383881230116649,4.939509792760465,0.01896684899341366,1.49692491459164,0.8502218418347229
273,frozenset({'SET OF 3 CAKE TINS PANTRY DESIGN'}),frozenset({'RECIPE BOX PANTRY YELLOW DESIGN'}),0.0777164630140586,0.06194980948626987,0.02378136907108133,0.3060016906170752,4.939509792760465,0.01896684899341366,1.3516606277439012,0.864756583770782
274,frozenset({'JUMBO BAG RED RETROSPOT'}),frozenset({'JUMBO BAG APPLES'}),0.11884115096570753,0.05813953488372093,0.0333727499671528,0.28081813156440016,4.830071862907683,0.026463380724960503,1.3096276567220206,0.899910094273331
275,frozenset({'JUMBO BAG APPLES'}),frozenset({'JUMBO BAG RED RETROSPOT'}),0.05813953488372093,0.11884115096570753,0.0333727499671528,0.5740112994350282,4.830071862907682,0.026463380724960503,2.0685028684226756,0.8419121220958492
276,frozenset({'JUMBO BAG RED RETROSPOT'}),frozenset({'RECYCLING BAG RETROSPOT'}),0.11884115096570753,0.04283274208382604,0.024569701747470765,0.20674405749032612,4.826776139751141,0.019479409379211582,1.2066310589340479,0.8997496642055698
277,frozenset({'RECYCLING BAG RETROSPOT'}),frozenset({'JUMBO BAG RED RETROSPOT'}),0.04283274208382604,0.11884115096570753,0.024569701747470765,0.5736196319018404,4.826776139751141,0.019479409379211582,2.0666027682387,0.8283007718592522
278,frozenset({'REGENCY CAKESTAND 3 TIER'}),frozenset({'GREEN REGENCY TEACUP AND SAUCER'}),0.09919852844567074,0.05721981342793325,0.027131782945736434,0.2735099337748344,4.779986466039643,0.021455661655749622,1.2977193087728538,0.877878657742392
279,frozenset({'GREEN REGENCY TEACUP AND SAUCER'}),frozenset({'REGENCY CAKESTAND 3 TIER'}),0.05721981342793325,0.09919852844567074,0.027131782945736434,0.47416762342135477,4.779986466039643,0.021455661655749622,1.7130962483052854,0.8387897815457932
280,frozenset({'ROSES REGENCY TEACUP AND SAUCER'}),frozenset({'REGENCY CAKESTAND 3 TIER'}),0.05833661805281829,0.09919852844567074,0.027328866114833792,0.46846846846846846,4.722534454984785,0.021541959449497067,1.6947281922462802,0.8370818173036674
281,frozenset({'REGENCY CAKESTAND 3 TIER'}),frozenset({'ROSES REGENCY TEACUP AND SAUCER'}),0.09919852844567074,0.05833661805281829,0.027328866114833792,0.27549668874172184,4.722534454984785,0.021541959449497067,1.2997364778247207,0.8750532941387668
282,frozenset({'SET OF 3 CAKE TINS PANTRY DESIGN'}),frozenset({'JAM MAKING SET WITH JARS'}),0.0777164630140586,0.059322033898305086,0.02148206543161214,0.2764158918005072,4.659582176065692,0.01687176677823578,1.3000257405354032,0.8515694484107509
283,frozenset({'JAM MAKING SET WITH JARS'}),frozenset({'SET OF 3 CAKE TINS PANTRY DESIGN'}),0.059322033898305086,0.0777164630140586,0.02148206543161214,0.36212624584717606,4.659582176065692,0.01687176677823578,1.4458715866290022,0.834917486293633
284,frozenset({'RED RETROSPOT CHARLOTTE BAG'}),frozenset({'LUNCH BAG RED RETROSPOT'}),0.055708842464853504,0.08645381684404152,0.022139009328603337,0.39740566037735847,4.59673933302747,0.01732276726555333,1.516021846020064,0.828615712758653
285,frozenset({'LUNCH BAG RED RETROSPOT'}),frozenset({'RED RETROSPOT CHARLOTTE BAG'}),0.08645381684404152,0.055708842464853504,0.022139009328603337,0.2560790273556231,4.59673933302747,0.01732276726555333,1.2693433741739046,0.8565023914276484
286,frozenset({'SPOTTY BUNTING'}),frozenset({'PARTY BUNTING'}),0.06812508211798712,0.10077519379844961,0.029693864144002102,0.43587270973963355,4.325198427416364,0.022828545791026656,1.594010468429073,0.8249999220165886
287,frozenset({'PARTY BUNTING'}),frozenset({'SPOTTY BUNTING'}),0.10077519379844961,0.06812508211798712,0.029693864144002102,0.2946544980443286,4.325198427416364,0.022828545791026656,1.3211609279399334,0.8549549893194995
288,frozenset({'JUMBO BAG VINTAGE DOILY'}),frozenset({'JUMBO BAG RED RETROSPOT'}),0.0430298252529234,0.11884115096570753,0.0216791486007095,0.5038167938931297,4.239413618928259,0.016565434641798812,1.7758739880537275,0.7984766314896059
289,frozenset({'JUMBO BAG RED RETROSPOT'}),frozenset({'JUMBO BAG VINTAGE DOILY'}),0.11884115096570753,0.0430298252529234,0.0216791486007095,0.18242122719734657,4.239413618928259,0.016565434641798812,1.1704929317900348,0.8671743152843577
290,frozenset({'JUMBO BAG VINTAGE LEAF'}),frozenset({'JUMBO BAG RED RETROSPOT'}),0.05360662199448167,0.11884115096570753,0.026540533438444355,0.49509803921568624,4.166048840763502,0.020169860781236542,1.7452078175048122,0.8030111216036222
291,frozenset({'JUMBO BAG RED RETROSPOT'}),frozenset({'JUMBO BAG VINTAGE LEAF'}),0.11884115096570753,0.05360662199448167,0.026540533438444355,0.22332780541735764,4.166048840763502,0.020169860781236542,1.2185235735316602,0.8624601668397661
292,frozenset({'JUMBO BAG ALPHABET'}),frozenset({'JUMBO BAG RED RETROSPOT'}),0.05557745368545526,0.11884115096570753,0.02608067271055052,0.46926713947990545,3.9486923146285906,0.019475784146827713,1.6602681208975756,0.7906965008851865
293,frozenset({'JUMBO BAG RED RETROSPOT'}),frozenset({'JUMBO BAG ALPHABET'}),0.11884115096570753,0.05557745368545526,0.02608067271055052,0.21945826423438364,3.9486923146285906,0.019475784146827713,1.2099577806536908,0.8474653617181421
294,frozenset({'RED RETROSPOT CHARLOTTE BAG'}),frozenset({'JUMBO BAG RED RETROSPOT'}),0.055708842464853504,0.11884115096570753,0.023518591512284852,0.4221698113207547,3.5523874338996837,0.01689808855479438,1.5249442938389386,0.760887325268389
295,frozenset({'JUMBO BAG RED RETROSPOT'}),frozenset({'RED RETROSPOT CHARLOTTE BAG'}),0.11884115096570753,0.055708842464853504,0.023518591512284852,0.19789939192924266,3.5523874338996837,0.01689808855479438,1.1772727112205927,0.8154025507647673
296,frozenset({'LUNCH BAG RED RETROSPOT'}),frozenset({'JUMBO BAG RED RETROSPOT'}),0.08645381684404152,0.11884115096570753,0.03251872290106425,0.37613981762917936,3.1650637390554826,0.022244451801939884,1.4124300186712897,0.748786004733078
297,frozenset({'JUMBO BAG RED RETROSPOT'}),frozenset({'LUNCH BAG RED RETROSPOT'}),0.11884115096570753,0.08645381684404152,0.03251872290106425,0.2736318407960199,3.165063739055482,0.022244451801939884,1.2576902932489564,0.7763079237917082
298,frozenset({'JUMBO BAG RED RETROSPOT'}),frozenset({'LUNCH BAG PINK POLKADOT'}),0.11884115096570753,0.06359216922874787,0.02154775982131126,0.18131564400221117,2.8512259638446884,0.013990393237760815,1.143795925634838,0.7368406696815795
299,frozenset({'LUNCH BAG PINK POLKADOT'}),frozenset({'JUMBO BAG RED RETROSPOT'}),0.06359216922874787,0.11884115096570753,0.02154775982131126,0.33884297520661155,2.851225963844688,0.013990393237760815,1.3327527591643673,0.6933663464598726
300,frozenset({'WHITE HANGING HEART T-LIGHT HOLDER'}),frozenset({'WOODEN PICTURE FRAME WHITE FINISH'}),0.12633031139140719,0.06543161214032321,0.02345289712258573,0.18564742589703587,2.8372742138601206,0.01518690118605692,1.1476213345173425,0.7411829157559708
301,frozenset({'WOODEN PICTURE FRAME WHITE FINISH'}),frozenset({'WHITE HANGING HEART T-LIGHT HOLDER'}),0.06543161214032321,0.12633031139140719,0.02345289712258573,0.35843373493975905,2.8372742138601206,0.01518690118605692,1.361776228253769,0.6928856738815307
302,frozenset({'NATURAL SLATE HEART CHALKBOARD'}),frozenset({'WHITE HANGING HEART T-LIGHT HOLDER'}),0.07390618841150966,0.12633031139140719,0.024438312968072525,0.33066666666666666,2.6174768590743627,0.015101721172294502,1.3052833993156268,0.6672679156169122
303,frozenset({'WHITE HANGING HEART T-LIGHT HOLDER'}),frozenset({'NATURAL SLATE HEART CHALKBOARD'}),0.12633031139140719,0.07390618841150966,0.024438312968072525,0.19344773790951636,2.6174768590743627,0.015101721172294502,1.1482130236522674,0.7073070010114755
304,frozenset({'LUNCH BAG SUKI DESIGN'}),frozenset({'JUMBO BAG RED RETROSPOT'}),0.06700827749310209,0.11884115096570753,0.020430955196426227,0.30490196078431375,2.5656261177771276,0.012467614374916459,1.2676756361283192,0.6540589591339655
305,frozenset({'JUMBO BAG RED RETROSPOT'}),frozenset({'LUNCH BAG SUKI DESIGN'}),0.11884115096570753,0.06700827749310209,0.020430955196426227,0.17191818684355997,2.565626117777127,0.012467614374916459,1.1266902710380362,0.6925330155536106
306,frozenset({'JUMBO BAG RED RETROSPOT'}),frozenset({'LUNCH BAG  BLACK SKULL.'}),0.11884115096570753,0.07567993693338589,0.022795953225594533,0.19181868435599778,2.5346041781831583,0.013802062415418795,1.1437038263252428,0.6871191031282611
307,frozenset({'LUNCH BAG  BLACK SKULL.'}),frozenset({'JUMBO BAG RED RETROSPOT'}),0.07567993693338589,0.11884115096570753,0.022795953225594533,0.3012152777777778,2.5346041781831583,0.013802062415418795,1.260987570295037,0.6550340106794148
308,frozenset({'HEART OF WICKER SMALL'}),frozenset({'WHITE HANGING HEART T-LIGHT HOLDER'}),0.06720536066219945,0.12633031139140719,0.02089081592432006,0.3108504398826979,2.460616430522323,0.012400741784692578,1.267750484321405,0.6363649047833556
309,frozenset({'WHITE HANGING HEART T-LIGHT HOLDER'}),frozenset({'HEART OF WICKER SMALL'}),0.12633031139140719,0.06720536066219945,0.02089081592432006,0.16536661466458655,2.4606164305223226,0.012400741784692578,1.117610025823421,0.6794304295825901
310,frozenset({'REGENCY CAKESTAND 3 TIER'}),frozenset({'PARTY BUNTING'}),0.09919852844567074,0.10077519379844961,0.022927342004992773,0.23112582781456953,2.2934793683138053,0.012930591076359287,1.1695344163344885,0.6260882902642322
311,frozenset({'PARTY BUNTING'}),frozenset({'REGENCY CAKESTAND 3 TIER'}),0.10077519379844961,0.09919852844567074,0.022927342004992773,0.227509778357236,2.2934793683138053,0.012930591076359287,1.1661008079023973,0.6271860488094061
312,frozenset({'PARTY BUNTING'}),frozenset({'WHITE HANGING HEART T-LIGHT HOLDER'}),0.10077519379844961,0.12633031139140719,0.02391275785047957,0.23728813559322035,1.878315132605304,0.011181796237392023,1.1454780361757106,0.5200123152709359
313,frozenset({'WHITE HANGING HEART T-LIGHT HOLDER'}),frozenset({'PARTY BUNTING'}),0.12633031139140719,0.10077519379844961,0.02391275785047957,0.1892875715028601,1.878315132605304,0.011181796237392023,1.1091785133582948,0.5352228416744546
314,frozenset({'JUMBO BAG RED RETROSPOT'}),frozenset({'WHITE HANGING HEART T-LIGHT HOLDER'}),0.11884115096570753,0.12633031139140719,0.02627775587964788,0.22111663902708678,1.7503055014406212,0.011264516272036815,1.1216951502433956,0.4864856855289644
315,frozenset({'WHITE HANGING HEART T-LIGHT HOLDER'}),frozenset({'JUMBO BAG RED RETROSPOT'}),0.12633031139140719,0.11884115096570753,0.02627775587964788,0.2080083203328133,1.7503055014406212,0.011264516272036815,1.1125859925758006,0.4906558763816828
